Model,Accuracy,Precision,Recall,F1-Score,ROC-AUC
Isolation Forest,0.9049176192202127,0.4105711174898545,0.4105711174898545,0.4105711174898545,0.8483205531000076
Autoencoder,0.9113043450492496,0.4520886858882862,0.47025635949717903,0.4609935959635164,0.8226606371268382
DBSCAN,0.8672327434659803,0.3427632656600792,0.7042066712857568,0.4610947646761462,-
Ensemble,0.8372055519807632,0.2966535168510013,0.7428288627140454,0.42398562760584385,-
